car_ID,symboling,CarName,fueltype,aspiration,doornumber,carbody,drivewheel,enginelocation,wheelbase,carlength,carwidth,carheight,curbweight,enginetype,cylindernumber,enginesize,fuelsystem,boreratio,stroke,compressionratio,horsepower,peakrpm,citympg,highwaympg,price,Brand,Model,region,volume,volume_scaled,curbweight_kg,engine_performance,fuel_efficiency,price_per_hp,car_size,is_luxury
1,3,alfa-romero giulia,gas,std,two,convertible,rwd,front,88.6,168.8,64.1,48.8,2548,dohc,4,130,mpfi,3.47,2.68,9.0,111,5000,21,27,13495.0,alfa_romeo,giulia,Europe,7970347.839999999,0.28848813652373695,1155.752416,53.356294836996184,24.0,121.57657657657657,528019.904,False
2,3,alfa-romero stelvio,gas,std,two,convertible,rwd,front,88.6,168.8,64.1,48.8,2548,dohc,4,130,mpfi,3.47,2.68,9.0,111,5000,21,27,16500.0,alfa_romeo,stelvio,Europe,7970347.839999999,0.28848813652373695,1155.752416,53.356294836996184,24.0,148.64864864864865,528019.904,False
3,1,alfa-romero Quadrifoglio,gas,std,two,hatchback,rwd,front,94.5,171.2,65.5,52.4,2823,ohcv,6,152,mpfi,2.68,3.47,9.0,154,5000,19,26,16500.0,alfa_romeo,Quadrifoglio,Europe,9689100.6,0.4435881583390446,1280.490216,66.81468900466442,22.5,107.14285714285714,587592.6399999999,False
4,2,audi 100 ls,gas,std,four,sedan,fwd,front,99.8,176.6,66.2,54.3,2337,ohc,4,109,mpfi,3.19,3.4,10.0,102,5500,24,30,13950.0,audi,100 ls,Europe,8400720.42,0.3273249012406764,1060.044504,52.922306363846786,27.0,136.76470588235293,634816.956,True
5,2,audi 100ls,gas,std,four,sedan,4wd,front,99.4,176.6,66.4,54.3,2824,ohc,5,136,mpfi,3.19,3.4,8.0,115,5500,18,22,17450.0,audi,100ls,Europe,10181988.48,0.48806629546244373,1280.943808,61.72206735863311,20.0,151.7391304347826,636734.8319999999,True
6,2,audi fox,gas,std,two,sedan,fwd,front,99.8,177.3,66.3,53.1,2507,ohc,5,136,mpfi,3.19,3.4,8.5,110,5500,19,25,15250.0,audi,fox,Europe,8825968.709999999,0.36569925070553033,1137.155144,62.591697328007946,22.0,138.63636363636363,624189.969,True
7,1,audi 100ls,gas,std,four,sedan,fwd,front,105.8,192.7,71.4,55.7,2844,ohc,5,136,mpfi,3.19,3.4,8.5,110,5500,19,25,17710.0,audi,100ls,Europe,11310531.120000001,0.5899058340843366,1290.015648,55.17488931129252,22.0,161.0,766364.0460000001,True
8,1,audi 5000,gas,std,four,wagon,fwd,front,105.8,192.7,71.4,55.7,2954,ohc,5,136,mpfi,3.19,3.4,8.5,110,5500,19,25,18920.0,audi,5000,Europe,11747998.920000002,0.6293828705159724,1339.910768,53.12030643240214,22.0,172.0,766364.0460000001,True
9,1,audi 4000,gas,turbo,four,sedan,fwd,front,105.8,192.7,71.4,55.9,3086,ohc,5,131,mpfi,3.13,3.4,8.3,140,5500,17,20,23875.0,audi,4000,Europe,12317028.360000001,0.6807320119466178,1399.784912,66.27524239048905,18.5,170.53571428571428,769115.802,True
10,0,audi 5000s (diesel),gas,turbo,two,hatchback,4wd,front,99.5,178.2,67.9,52.0,3053,ohc,5,131,mpfi,3.13,3.4,7.0,160,5500,16,22,17859.167,audi,5000s (diesel),Europe,10779532.4,0.5419885797982108,1384.816376,90.78047305983456,19.0,111.61979375000001,629188.56,True
11,2,bmw 320i,gas,std,two,sedan,rwd,front,101.2,176.8,64.8,54.3,2395,ohc,4,108,mpfi,3.5,2.8,8.8,101,5800,23,29,16430.0,bmw,320i,Europe,8427142.799999999,0.3297092533184076,1086.35284,61.27675960066695,26.0,162.67326732673268,622095.5519999999,True
12,0,bmw 320i,gas,std,four,sedan,rwd,front,101.2,176.8,64.8,54.3,2395,ohc,4,108,mpfi,3.5,2.8,8.8,101,5800,23,29,16925.0,bmw,320i,Europe,8427142.799999999,0.3297092533184076,1086.35284,61.27675960066695,26.0,167.5742574257426,622095.5519999999,True
13,0,bmw x1,gas,std,two,sedan,rwd,front,101.2,176.8,64.8,54.3,2710,ohc,6,164,mpfi,3.31,3.19,9.0,121,4250,21,28,20970.0,bmw,x1,Europe,9535514.4,0.4297285599576403,1229.23432,46.48331726443246,24.5,173.30578512396696,622095.5519999999,True
14,0,bmw x3,gas,std,four,sedan,rwd,front,101.2,176.8,64.8,54.3,2765,ohc,6,164,mpfi,3.31,3.19,9.0,121,4250,21,28,21105.0,bmw,x3,Europe,9729039.6,0.44719224841845867,1254.18188,45.55869431703868,24.5,174.4214876033058,622095.5519999999,True
15,1,bmw z4,gas,std,four,sedan,rwd,front,103.5,189.0,66.9,55.7,3055,ohc,6,164,mpfi,3.31,3.19,9.0,121,4250,20,25,24565.0,bmw,z4,Europe,11383938.15,0.5965300747659322,1385.72356,41.23397374357184,22.5,203.01652892561984,704276.3700000001,True
16,0,bmw x4,gas,std,four,sedan,rwd,front,103.5,189.0,66.9,55.7,3230,ohc,6,209,mpfi,3.62,3.39,8.0,182,5400,16,22,30760.0,bmw,x4,Europe,12036045.9,0.6553761919066727,1465.10216,83.85080805559662,19.0,169.01098901098902,704276.3700000001,True
17,0,bmw x5,gas,std,two,sedan,rwd,front,103.5,193.8,67.9,53.7,3380,ohc,6,209,mpfi,3.62,3.39,8.0,182,5400,16,22,41315.0,bmw,x5,Europe,12324257.400000002,0.6813843595604212,1533.14096,80.1296183489873,19.0,227.0054945054945,706639.3740000002,True
18,0,bmw x3,gas,std,four,sedan,rwd,front,110.0,197.0,70.9,56.3,3505,ohc,6,209,mpfi,3.62,3.39,8.0,182,5400,15,20,36880.0,bmw,x3,Europe,13990803.35,0.8317732457439185,1589.83996,77.27192867890929,17.5,202.63736263736263,786358.99,True
19,2,chevrolet impala,gas,std,two,hatchback,fwd,front,88.4,141.1,60.3,53.2,1488,l,3,61,2bbl,2.91,3.03,9.5,48,5100,47,53,5151.0,chevrolet,impala,North America,4773444.48,0.0,674.944896,38.17855532406542,50.0,107.3125,452643.156,False
20,1,chevrolet monte carlo,gas,std,two,hatchback,fwd,front,94.5,155.9,63.6,52.0,1874,ohc,4,90,2bbl,3.03,3.11,9.6,70,5400,38,43,6295.0,chevrolet,monte carlo,North America,6197692.800000001,0.12852398008798843,850.0314079999999,46.32181779334912,40.5,89.92857142857143,515592.48,False
21,0,chevrolet vega 2300,gas,std,four,sedan,fwd,front,94.5,158.8,63.6,52.0,1909,ohc,4,90,2bbl,3.03,3.11,9.6,70,5400,38,43,6575.0,chevrolet,vega 2300,North America,6313444.800000001,0.13896942526368983,865.907128,45.47254402552973,40.5,93.92857142857143,525183.36,False
22,1,dodge rampage,gas,std,two,hatchback,fwd,front,93.7,157.3,63.8,50.8,1876,ohc,4,90,2bbl,2.97,3.23,9.41,68,5500,37,41,5572.0,dodge,rampage,North America,6080191.039999999,0.11792063680123363,850.938592,46.70719197858813,39.0,81.94117647058823,509815.59199999995,False
23,1,dodge challenger se,gas,std,two,hatchback,fwd,front,93.7,157.3,63.8,50.8,1876,ohc,4,90,2bbl,2.97,3.23,9.4,68,5500,31,38,6377.0,dodge,challenger se,North America,6080191.039999999,0.11792063680123363,850.938592,46.756880480693006,34.5,93.77941176470588,509815.59199999995,False
24,1,dodge d200,gas,turbo,two,hatchback,fwd,front,93.7,157.3,63.8,50.8,2128,ohc,4,98,mpfi,3.03,3.39,7.6,102,5500,24,30,7957.0,dodge,d200,North America,6896933.119999999,0.19162333411383586,965.243776,76.4737274759534,27.0,78.00980392156863,509815.59199999995,False
25,1,dodge monaco (sw),gas,std,four,hatchback,fwd,front,93.7,157.3,63.8,50.6,1967,ohc,4,90,2bbl,2.97,3.23,9.4,68,5500,31,38,6229.0,dodge,monaco (sw),North America,6350026.76,0.14227057649735916,892.215464,44.593750778739235,34.5,91.6029411764706,507808.444,False
26,1,dodge colt hardtop,gas,std,four,sedan,fwd,front,93.7,157.3,63.8,50.6,1989,ohc,4,90,2bbl,2.97,3.23,9.4,68,5500,31,38,6692.0,dodge,colt hardtop,North America,6421048.92,0.14867960682547354,902.194488,44.100506677616934,34.5,98.41176470588235,507808.444,False
27,1,dodge colt (sw),gas,std,four,sedan,fwd,front,93.7,157.3,63.8,50.6,1989,ohc,4,90,2bbl,2.97,3.23,9.4,68,5500,31,38,7609.0,dodge,colt (sw),North America,6421048.92,0.14867960682547354,902.194488,44.100506677616934,34.5,111.8970588235294,507808.444,False
28,1,dodge coronet custom,gas,turbo,two,sedan,fwd,front,93.7,157.3,63.8,50.6,2191,ohc,4,98,mpfi,3.03,3.39,7.6,102,5500,24,30,8558.0,dodge,coronet custom,North America,7073161.4799999995,0.2075261580199781,993.820072,74.27480240475985,27.0,83.90196078431373,507808.444,False
29,-1,dodge dart custom,gas,std,four,wagon,fwd,front,103.3,174.6,64.6,59.8,2535,ohc,4,122,2bbl,3.34,3.46,8.5,88,5000,24,30,8921.0,dodge,dart custom,North America,9792907.799999999,0.4529557063420429,1149.85572,45.01843577588407,27.0,101.375,674493.7679999998,False
30,3,dodge coronet custom (sw),gas,turbo,two,hatchback,fwd,front,95.9,173.2,66.3,50.2,2811,ohc,4,156,mfi,3.6,3.9,7.0,145,5000,19,24,12964.0,dodge,coronet custom (sw),North America,9355738.860000001,0.41350563899729315,1275.047112,81.22949151970518,21.5,89.40689655172413,576454.632,False
31,2,honda civic,gas,std,two,hatchback,fwd,front,86.6,144.6,63.9,50.8,1713,ohc,4,92,1bbl,2.91,3.41,9.6,58,4800,49,54,6479.0,honda,civic,Asia,5560603.56,0.07103313130395629,777.003096,37.32288860789816,51.5,111.70689655172414,469388.95199999993,False
32,2,honda civic cvcc,gas,std,two,hatchback,fwd,front,86.6,144.6,63.9,50.8,1819,ohc,4,92,1bbl,2.91,3.41,9.2,76,6000,31,38,6855.0,honda,civic cvcc,Asia,5904692.28,0.10208365190262654,825.083848,60.072945933253024,34.5,90.19736842105263,469388.95199999993,False
33,1,honda civic,gas,std,two,hatchback,fwd,front,93.7,150.0,64.0,52.6,1837,ohc,4,79,1bbl,2.91,3.07,10.1,60,5500,38,42,5399.0,honda,civic,Asia,6184076.8,0.12729527404824517,833.248504,39.21191237654196,40.0,89.98333333333333,504960.0,False
34,1,honda accord cvcc,gas,std,two,hatchback,fwd,front,93.7,150.0,64.0,52.6,1940,ohc,4,92,1bbl,2.91,3.41,9.2,76,6000,30,34,6529.0,honda,accord cvcc,Asia,6530816.0,0.15858497361167878,879.96848,56.32612817143672,32.0,85.90789473684211,504960.0,False
35,1,honda civic cvcc,gas,std,two,hatchback,fwd,front,93.7,150.0,64.0,52.6,1956,ohc,4,92,1bbl,2.91,3.41,9.2,76,6000,30,34,7129.0,honda,civic cvcc,Asia,6584678.4,0.1634455094661928,887.225952,55.865382746721494,32.0,93.80263157894737,504960.0,False
36,0,honda accord lx,gas,std,four,sedan,fwd,front,96.5,163.4,64.0,54.5,2010,ohc,4,92,1bbl,2.91,3.41,9.2,76,6000,30,34,7295.0,honda,accord lx,Asia,7010880.0,0.20190588549940358,911.71992,54.3645217177051,32.0,95.98684210526316,569939.2000000001,False
37,0,honda civic 1500 gl,gas,std,four,wagon,fwd,front,96.5,157.1,63.9,58.3,2024,ohc,4,92,1bbl,2.92,3.41,9.2,76,6000,30,34,7295.0,honda,civic 1500 gl,Asia,7540148.88,0.24966703925264228,918.070208,53.988482535863255,32.0,95.98684210526316,585255.6269999999,False
38,0,honda accord,gas,std,two,hatchback,fwd,front,96.5,167.5,65.2,53.3,2236,ohc,4,110,1bbl,3.15,3.58,9.0,86,5800,27,33,7895.0,honda,accord,Asia,7770457.76,0.2704500821332594,1014.231712,54.64453691053807,30.0,91.80232558139535,582089.2999999999,False
39,0,honda civic 1300,gas,std,two,hatchback,fwd,front,96.5,167.5,65.2,53.3,2289,ohc,4,110,1bbl,3.15,3.58,9.0,86,5800,27,33,9095.0,honda,civic 1300,Asia,7954641.239999999,0.2870707750164052,1038.272088,53.37928550981352,30.0,105.75581395348837,582089.2999999999,False
40,0,honda prelude,gas,std,four,sedan,fwd,front,96.5,175.4,65.2,54.1,2304,ohc,4,110,1bbl,3.15,3.58,9.0,86,5800,27,33,8845.0,honda,prelude,Asia,8126945.28,0.30261946880460644,1045.075968,53.03176411977566,30.0,102.84883720930233,618691.9280000001,False
41,0,honda accord,gas,std,four,sedan,fwd,front,96.5,175.4,62.5,54.1,2372,ohc,4,110,1bbl,3.15,3.58,9.0,86,5800,27,33,10295.0,honda,accord,Asia,8020325.0,0.292998068834343,1075.920224,51.51146059526271,30.0,119.70930232558139,593071.25,False
42,0,honda civic,gas,std,four,sedan,fwd,front,96.5,175.4,65.2,54.1,2465,ohc,4,110,mpfi,3.15,3.58,9.0,101,5800,24,28,12945.0,honda,civic,Asia,8694843.8,0.353866556163978,1118.10428,58.2136121408004,26.0,128.16831683168317,618691.9280000001,False
43,1,honda civic (auto),gas,std,two,sedan,fwd,front,96.5,169.1,66.0,51.0,2293,ohc,4,110,2bbl,3.15,3.58,9.1,100,5500,25,31,10345.0,honda,civic (auto),Asia,7718238.0,0.26573777789516173,1040.086456,58.11013122120729,28.0,103.45,569190.6,False
44,0,isuzu MU-X,gas,std,four,sedan,rwd,front,94.3,170.7,61.8,53.5,2337,ohc,4,111,2bbl,3.31,3.23,8.5,78,4800,24,29,6785.0,isuzu,MU-X,Asia,7726823.1,0.26651249618407175,1060.044504,41.55208451845283,26.5,86.98717948717949,564385.4099999999,False
45,1,isuzu D-Max ,gas,std,two,sedan,fwd,front,94.5,155.9,63.6,52.0,1874,ohc,4,90,2bbl,3.03,3.11,9.6,70,5400,38,43,8916.5,isuzu,D-Max,Asia,6197692.800000001,0.12852398008798843,850.0314079999999,46.32181779334912,40.5,127.37857142857143,515592.48,False
46,0,isuzu D-Max V-Cross,gas,std,four,sedan,fwd,front,94.5,155.9,63.6,52.0,1909,ohc,4,90,2bbl,3.03,3.11,9.6,70,5400,38,43,8916.5,isuzu,D-Max V-Cross,Asia,6313444.800000001,0.13896942526368983,865.907128,45.47254402552973,40.5,127.37857142857143,515592.48,False
47,2,isuzu D-Max ,gas,std,two,hatchback,rwd,front,96.0,172.6,65.2,51.4,2734,ohc,4,119,spfi,3.43,3.23,9.2,90,5000,24,29,11048.0,isuzu,D-Max,Asia,9162399.520000001,0.39605872251830104,1240.120528,39.442169026219744,26.5,122.75555555555556,578430.928,False
48,0,jaguar xj,gas,std,four,sedan,rwd,front,113.0,199.6,69.6,52.8,4066,dohc,6,258,mpfi,3.63,4.17,8.1,176,4750,15,19,32250.0,jaguar,xj,Europe,14942062.079999998,0.9176147077672299,1844.3050719999999,55.96139061271849,17.0,183.23863636363637,733506.0479999998,True
49,0,jaguar xf,gas,std,four,sedan,rwd,front,113.0,199.6,69.6,52.8,4066,dohc,6,258,mpfi,3.63,4.17,8.1,176,4750,15,19,35550.0,jaguar,xf,Europe,14942062.079999998,0.9176147077672299,1844.3050719999999,55.96139061271849,17.0,201.98863636363637,733506.0479999998,True
50,0,jaguar xk,gas,std,two,sedan,rwd,front,102.0,191.7,70.6,47.8,3950,ohcv,12,326,mpfi,3.54,2.76,11.5,262,5000,13,17,36000.0,jaguar,xk,Europe,13329985.999999998,0.7721411754507288,1791.6884,63.57860188091907,15.0,137.40458015267177,646926.1559999998,True
51,1,maxda rx3,gas,std,two,hatchback,fwd,front,93.1,159.1,64.2,54.1,1890,ohc,4,91,2bbl,3.03,3.15,9.0,68,5000,30,31,5195.0,mazda,rx3,Asia,6564385.800000001,0.16161430792520487,857.28888,44.066566893738056,30.5,76.3970588235294,552589.302,False
52,1,maxda glc deluxe,gas,std,two,hatchback,fwd,front,93.1,159.1,64.2,54.1,1900,ohc,4,91,2bbl,3.03,3.15,9.0,68,5000,31,38,6095.0,mazda,glc deluxe,Asia,6599118.000000001,0.16474853706104267,861.8248,43.83463759429733,34.5,89.63235294117646,552589.302,False
53,1,mazda rx2 coupe,gas,std,two,hatchback,fwd,front,93.1,159.1,64.2,54.1,1905,ohc,4,91,2bbl,3.03,3.15,9.0,68,5000,31,38,6795.0,mazda,rx2 coupe,Asia,6616484.100000001,0.16631565162896153,864.09276,43.719586052055085,34.5,99.92647058823529,552589.302,False
54,1,mazda rx-4,gas,std,four,sedan,fwd,front,93.1,166.8,64.2,54.1,1945,ohc,4,91,2bbl,3.03,3.15,9.0,68,5000,31,38,6695.0,mazda,rx-4,Asia,6755412.9,0.17885256817231268,882.23644,42.82046860111308,34.5,98.45588235294117,579333.0960000001,False
55,1,mazda glc deluxe,gas,std,four,sedan,fwd,front,93.1,166.8,64.2,54.1,1950,ohc,4,91,2bbl,3.08,3.15,9.0,68,5000,31,38,7395.0,mazda,glc deluxe,Asia,6772779.000000001,0.18041968274023165,884.5044,42.710672527776886,34.5,108.75,579333.0960000001,False
56,3,mazda 626,gas,std,two,hatchback,rwd,front,95.3,169.0,65.7,49.6,2380,rotor,2,70,4bbl,3.33,3.255,9.4,101,6000,17,23,10945.0,mazda,626,Asia,7755753.600000001,0.26912318067898877,1079.54896,59.71761123866302,20.0,108.36633663366337,550723.68,False
57,3,mazda glc,gas,std,two,hatchback,rwd,front,95.3,169.0,65.7,49.6,2380,rotor,2,70,4bbl,3.33,3.255,9.4,101,6000,17,23,11845.0,mazda,glc,Asia,7755753.600000001,0.26912318067898877,1079.54896,59.71761123866302,20.0,117.27722772277228,550723.68,False
58,3,mazda rx-7 gs,gas,std,two,hatchback,rwd,front,95.3,169.0,65.7,49.6,2385,rotor,2,70,4bbl,3.33,3.255,9.4,101,6000,17,23,13645.0,mazda,rx-7 gs,Asia,7772047.2,0.2705935129887096,1081.81692,59.592417085122854,20.0,135.0990099009901,550723.68,False
59,3,mazda glc 4,gas,std,two,hatchback,rwd,front,95.3,169.0,65.7,49.6,2500,rotor,2,80,mpfi,3.33,3.255,9.4,135,6000,16,23,15645.0,mazda,glc 4,Asia,8146800.000000001,0.30441115611228936,1133.98,75.98918214250467,19.5,115.88888888888889,550723.68,False
60,1,mazda 626,gas,std,two,hatchback,fwd,front,98.8,177.8,66.5,53.7,2385,ohc,4,122,2bbl,3.39,3.39,8.6,84,4800,26,32,8845.0,mazda,626,Asia,8516954.25,0.3378138266918721,1081.81692,43.33794384564864,29.0,105.29761904761905,634932.6900000001,False
61,0,mazda glc custom l,gas,std,four,sedan,fwd,front,98.8,177.8,66.5,55.5,2410,ohc,4,122,2bbl,3.39,3.39,8.6,84,4800,26,32,8495.0,mazda,glc custom l,Asia,8894707.5,0.37190223002674344,1093.15672,42.888380112809955,29.0,101.13095238095238,656215.3500000001,False
62,1,mazda glc custom,gas,std,two,hatchback,fwd,front,98.8,177.8,66.5,53.7,2385,ohc,4,122,2bbl,3.39,3.39,8.6,84,4800,26,32,10595.0,mazda,glc custom,Asia,8516954.25,0.3378138266918721,1081.81692,43.33794384564864,29.0,126.13095238095238,634932.6900000001,False
63,0,mazda rx-4,gas,std,four,sedan,fwd,front,98.8,177.8,66.5,55.5,2410,ohc,4,122,2bbl,3.39,3.39,8.6,84,4800,26,32,10245.0,mazda,rx-4,Asia,8894707.5,0.37190223002674344,1093.15672,42.888380112809955,29.0,121.96428571428571,656215.3500000001,False
64,0,mazda glc deluxe,diesel,std,four,sedan,fwd,front,98.8,177.8,66.5,55.5,2443,ohc,4,122,idi,3.39,3.39,22.7,64,4650,36,42,10795.0,mazda,glc deluxe,Asia,9016502.25,0.38289297216349494,1108.125256,11.83091179233109,39.0,168.671875,656215.3500000001,False
65,0,mazda 626,gas,std,four,hatchback,fwd,front,98.8,177.8,66.5,55.5,2425,ohc,4,122,2bbl,3.39,3.39,8.6,84,4800,26,32,11245.0,mazda,626,Asia,8950068.75,0.37689802190708505,1099.9605999999999,42.62309116365856,29.0,133.86904761904762,656215.3500000001,False
66,0,mazda glc,gas,std,four,sedan,rwd,front,104.9,175.0,66.1,54.4,2670,ohc,4,140,mpfi,3.76,3.16,8.0,120,5000,19,27,18280.0,mazda,glc,Asia,9600892.799999999,0.4356282981295515,1211.09064,61.927652252353305,23.0,152.33333333333334,629271.9999999999,False
67,0,mazda rx-7 gs,diesel,std,four,sedan,rwd,front,104.9,175.0,66.1,54.4,2700,ohc,4,134,idi,3.43,3.64,22.0,72,4200,31,39,18344.0,mazda,rx-7 gs,Asia,9708768.0,0.44536294191469417,1224.6984,11.223542502753777,35.0,254.77777777777777,629271.9999999999,False
68,-1,buick electra 225 custom,diesel,turbo,four,sedan,rwd,front,110.0,190.9,70.3,56.5,3515,ohc,5,183,idi,3.58,3.64,21.5,123,4350,22,25,25552.0,buick,electra 225 custom,North America,13961404.25,0.8291202748469582,1594.37588,15.608644626277153,23.5,207.739837398374,758245.255,True
69,-1,buick century luxus (sw),diesel,turbo,four,wagon,rwd,front,110.0,190.9,70.3,58.7,3750,ohc,5,183,idi,3.58,3.64,21.5,123,4350,22,25,28248.0,buick,century luxus (sw),North America,15474787.499999998,0.9656877792330577,1700.97,14.630502896363783,23.5,229.65853658536585,787769.849,True
70,0,buick century,diesel,turbo,two,hardtop,rwd,front,106.7,187.5,70.3,54.9,3495,ohc,5,183,idi,3.58,3.64,21.5,123,4350,22,25,28176.0,buick,century,North America,13488847.649999999,0.7864768297426328,1585.30404,15.697964481077022,23.5,229.0731707317073,723650.625,True
71,-1,buick skyhawk,diesel,turbo,four,sedan,rwd,front,115.6,202.6,71.7,56.3,3770,ohc,5,183,idi,3.58,3.64,21.5,123,4350,22,25,31600.0,buick,skyhawk,North America,15218396.7,0.9425511073400951,1710.04184,14.552887496383073,23.5,256.9105691056911,817837.446,True
72,-1,buick opel isuzu deluxe,gas,std,four,sedan,rwd,front,115.6,202.6,71.7,56.5,3740,ohcv,8,234,mpfi,3.46,3.1,8.3,155,4750,16,18,34184.0,buick,opel isuzu deluxe,North America,15150927.0,0.9364626505326877,1696.43408,52.288986835909604,17.0,220.54193548387096,820742.73,True
73,3,buick skylark,gas,std,two,convertible,rwd,front,96.6,180.3,70.5,50.8,3685,ohcv,8,234,mpfi,3.46,3.1,8.3,155,4750,16,18,35056.0,buick,skylark,North America,13197458.999999998,0.7601819564929554,1671.48652,53.06941947525154,17.0,226.16774193548386,645726.42,True
74,0,buick century special,gas,std,four,sedan,rwd,front,120.9,208.1,71.7,56.7,3900,ohcv,8,308,mpfi,3.8,3.35,8.0,184,4500,14,16,40960.0,buick,century special,North America,15855021.000000002,1.0,1769.0088,58.50734038180025,15.0,222.6086956521739,846007.6590000001,True
75,1,buick regal sport coupe (turbo),gas,std,two,hardtop,rwd,front,112.0,199.2,72.0,55.4,3715,ohcv,8,304,mpfi,3.8,3.35,8.0,184,4500,14,16,45400.0,buick,regal sport coupe (turbo),North America,14818391.999999998,0.9064547360992276,1685.09428,61.42089569018061,15.0,246.7391304347826,794568.96,True
76,1,mercury cougar,gas,turbo,two,hatchback,rwd,front,102.7,178.4,68.0,54.8,2910,ohc,4,140,mpfi,3.78,3.12,8.0,175,5000,19,24,16503.0,mercury,cougar,North America,10843823.999999998,0.5477902452818145,1319.95272,82.86281648027514,21.5,94.30285714285715,664789.76,False
77,2,mitsubishi mirage,gas,std,two,hatchback,fwd,front,93.7,157.3,64.4,50.8,1918,ohc,4,92,2bbl,2.97,3.23,9.4,68,5500,37,41,5389.0,mitsubishi,mirage,Asia,6274775.36,0.13547990011081923,869.989456,45.733007185495346,39.0,79.25,514610.096,False
78,2,mitsubishi lancer,gas,std,two,hatchback,fwd,front,93.7,157.3,64.4,50.8,1944,ohc,4,92,2bbl,2.97,3.23,9.4,68,5500,31,38,6189.0,mitsubishi,lancer,Asia,6359834.88,0.14315565994936605,881.782848,45.12135173959881,34.5,91.01470588235294,514610.096,False
79,2,mitsubishi outlander,gas,std,two,hatchback,fwd,front,93.7,157.3,64.4,50.8,2004,ohc,4,92,2bbl,2.97,3.23,9.4,68,5500,31,38,6669.0,mitsubishi,outlander,Asia,6556126.08,0.16086895188447423,908.998368,43.77041306476052,34.5,98.07352941176471,514610.096,False
80,1,mitsubishi g4,gas,turbo,two,hatchback,fwd,front,93.0,157.3,63.8,50.8,2145,ohc,4,98,spdi,3.03,3.39,7.6,102,5500,24,30,7689.0,mitsubishi,g4,Asia,6952030.799999999,0.19659534147222565,972.95484,75.86764199013,27.0,75.38235294117646,509815.59199999995,False
81,3,mitsubishi mirage g4,gas,turbo,two,hatchback,fwd,front,96.3,173.0,65.4,49.4,2370,ohc,4,110,spdi,3.17,3.46,7.5,116,5500,23,30,9959.0,mitsubishi,mirage g4,Asia,7656901.2,0.2602027531728851,1075.01304,79.13082307045006,26.5,85.85344827586206,558921.48,False
82,3,mitsubishi g4,gas,std,two,hatchback,fwd,front,96.3,173.0,65.4,49.4,2328,ohc,4,122,2bbl,3.35,3.46,8.5,88,5000,25,32,8499.0,mitsubishi,g4,Asia,7521209.28,0.24795793225276574,1055.962176,49.02136369925521,28.5,96.57954545454545,558921.48,False
83,3,mitsubishi outlander,gas,turbo,two,hatchback,fwd,front,95.9,173.2,66.3,50.2,2833,ohc,4,156,spdi,3.58,3.86,7.0,145,5000,19,24,12629.0,mitsubishi,outlander,Asia,9428960.58,0.4201131573289898,1285.026136,80.59869419763193,21.5,87.09655172413792,576454.632,False
84,3,mitsubishi g4,gas,turbo,two,hatchback,fwd,front,95.9,173.2,66.3,50.2,2921,ohc,4,156,spdi,3.59,3.86,7.0,145,5000,19,24,14869.0,mitsubishi,g4,Asia,9721847.46,0.4465432306557767,1324.9422319999999,78.17052401981898,21.5,102.54482758620689,576454.632,False
85,3,mitsubishi mirage g4,gas,turbo,two,hatchback,fwd,front,95.9,173.2,66.3,50.2,2926,ohc,4,156,spdi,3.59,3.86,7.0,145,5000,19,24,14489.0,mitsubishi,mirage g4,Asia,9738488.76,0.44804493936752593,1327.210192,78.03694486052332,21.5,99.92413793103448,576454.632,False
86,1,mitsubishi montero,gas,std,four,sedan,fwd,front,96.3,172.4,65.4,51.6,2365,ohc,4,122,2bbl,3.35,3.46,8.5,88,5000,25,32,6989.0,mitsubishi,montero,Asia,7981023.600000001,0.28945151569462785,1072.74508,48.254433273516334,28.5,79.42045454545455,581787.9360000001,False
87,1,mitsubishi pajero,gas,std,four,sedan,fwd,front,96.3,172.4,65.4,51.6,2405,ohc,4,122,2bbl,3.35,3.46,8.5,88,5000,25,32,8189.0,mitsubishi,pajero,Asia,8116009.200000001,0.30163259839133433,1090.88876,47.451864736742664,28.5,93.05681818181819,581787.9360000001,False
88,1,mitsubishi outlander,gas,turbo,four,sedan,fwd,front,96.3,172.4,65.4,51.6,2403,ohc,4,110,spdi,3.17,3.46,7.5,116,5500,23,30,9279.0,mitsubishi,outlander,Asia,8109259.920000001,0.30102354425649896,1089.981576,78.04413261629908,26.5,79.99137931034483,581787.9360000001,False
89,-1,mitsubishi mirage g4,gas,std,four,sedan,fwd,front,96.3,172.4,65.4,51.6,2403,ohc,4,110,spdi,3.17,3.46,7.5,116,5500,23,30,9279.0,mitsubishi,mirage g4,Asia,8109259.920000001,0.30102354425649896,1089.981576,78.04413261629908,26.5,79.99137931034483,581787.9360000001,False
90,1,Nissan versa,gas,std,two,sedan,fwd,front,94.5,165.3,63.8,54.5,1889,ohc,4,97,2bbl,3.15,3.29,9.4,69,5200,31,37,5499.0,nissan,versa,Asia,6568241.899999999,0.16196228187936554,856.835288,44.54790004628923,34.0,79.69565217391305,574764.63,False
91,1,nissan gt-r,diesel,std,two,sedan,fwd,front,94.5,165.3,63.8,54.5,2017,ohc,4,103,idi,2.99,3.47,21.9,55,4800,45,50,7099.0,nissan,gt-r,Asia,7013310.7,0.2021252315460255,914.8950639999999,13.176149915863954,47.5,129.07272727272726,574764.63,False
92,1,nissan rogue,gas,std,two,sedan,fwd,front,94.5,165.3,63.8,54.5,1918,ohc,4,97,2bbl,3.15,3.29,9.4,69,5200,31,37,6649.0,nissan,rogue,Asia,6669077.8,0.1710617001632182,869.989456,43.87433951378537,34.0,96.3623188405797,574764.63,False
93,1,nissan latio,gas,std,four,sedan,fwd,front,94.5,165.3,63.8,54.5,1938,ohc,4,97,2bbl,3.15,3.29,9.4,69,5200,31,37,6849.0,nissan,latio,Asia,6738619.8,0.1773371610486338,879.061296,43.421559952239605,34.0,99.26086956521739,574764.63,False
94,1,nissan titan,gas,std,four,wagon,fwd,front,94.5,170.2,63.8,53.5,2024,ohc,4,97,2bbl,3.15,3.29,9.4,69,5200,31,37,7349.0,nissan,titan,Asia,6908519.199999999,0.1926688604411675,918.070208,41.57657272106737,34.0,106.5072463768116,580943.6599999999,False
95,1,nissan leaf,gas,std,two,sedan,fwd,front,94.5,165.3,63.8,54.5,1951,ohc,4,97,2bbl,3.15,3.29,9.4,69,5200,31,37,7299.0,nissan,leaf,Asia,6783822.1,0.18141621062415395,884.957992,43.13223125957988,34.0,105.78260869565217,574764.63,False
96,1,nissan juke,gas,std,two,hatchback,fwd,front,94.5,165.6,63.8,53.3,2028,ohc,4,97,2bbl,3.15,3.29,9.4,69,5200,31,37,7799.0,nissan,juke,Asia,6896295.119999999,0.19156576107818984,919.884576,41.49456764666684,34.0,113.02898550724638,563129.4239999999,False
97,1,nissan latio,gas,std,four,sedan,fwd,front,94.5,165.3,63.8,54.5,1971,ohc,4,97,2bbl,3.15,3.29,9.4,69,5200,31,37,7499.0,nissan,latio,Asia,6853364.1,0.18769167150956956,894.0298319999999,42.69456275364808,34.0,108.68115942028986,574764.63,False
98,1,nissan note,gas,std,four,wagon,fwd,front,94.5,170.2,63.8,53.5,2037,ohc,4,97,2bbl,3.15,3.29,9.4,69,5200,31,37,7999.0,nissan,note,Asia,6952892.1,0.19667306507034785,923.966904,41.311233768993795,34.0,115.92753623188406,580943.6599999999,False
99,2,nissan clipper,gas,std,two,hardtop,fwd,front,95.1,162.4,63.8,53.3,2008,ohc,4,97,2bbl,3.15,3.29,9.4,69,5200,31,37,8249.0,nissan,clipper,Asia,6828284.319999999,0.1854284754783247,910.812736,41.90786015310775,34.0,119.55072463768116,552247.696,False
100,0,nissan rogue,gas,std,four,hatchback,fwd,front,97.2,173.4,65.2,54.7,2324,ohc,4,120,2bbl,3.33,3.47,8.5,97,5200,27,34,8949.0,nissan,rogue,Asia,8288406.560000001,0.3171897133639971,1054.147808,56.293032172759816,30.5,92.25773195876289,618420.696,False
101,0,nissan nv200,gas,std,four,sedan,fwd,front,97.2,173.4,65.2,54.7,2302,ohc,4,120,2bbl,3.33,3.47,8.5,97,5200,27,34,9549.0,nissan,nv200,Asia,8209944.880000001,0.31010934173470833,1044.168784,56.831019448085925,30.5,98.44329896907216,618420.696,False
102,0,nissan dayz,gas,std,four,sedan,fwd,front,100.4,181.7,66.5,55.1,3095,ohcv,6,181,mpfi,3.43,3.27,9.0,152,5200,17,22,13499.0,nissan,dayz,Asia,11340544.25,0.5926142149673121,1403.86724,62.557355652962045,19.5,88.8092105263158,665776.0549999999,False
103,0,nissan fuga,gas,std,four,wagon,fwd,front,100.4,184.6,66.5,56.1,3296,ohcv,6,181,mpfi,3.43,3.27,9.0,152,5200,17,22,14399.0,nissan,fuga,Asia,12296222.4,0.6788544848671043,1495.039232,58.74241982582449,19.5,94.73026315789474,688677.99,False
104,0,nissan otti,gas,std,four,sedan,fwd,front,100.4,184.6,66.5,55.1,3060,ohcv,6,181,mpfi,3.43,3.27,9.0,152,5200,19,25,13499.0,nissan,otti,Asia,11212299.0,0.5810413805634217,1387.99152,63.27288096271815,22.0,88.8092105263158,676402.09,False
105,3,nissan teana,gas,std,two,hatchback,rwd,front,91.3,170.7,67.9,49.7,3071,ohcv,6,181,mpfi,3.43,3.27,9.0,160,5200,19,25,17199.0,nissan,teana,Asia,10363488.730000002,0.5044448540251565,1392.981032,66.36446751303966,22.0,107.49375,576049.341,False
106,3,nissan kicks,gas,turbo,two,hatchback,rwd,front,91.3,170.7,67.9,49.7,3139,ohcv,6,181,mpfi,3.43,3.27,7.8,200,5200,17,23,19699.0,nissan,kicks,Asia,10592963.570000002,0.5251526332464472,1423.825288,93.64444813353626,20.0,98.495,576049.341,False
107,1,nissan clipper,gas,std,two,hatchback,rwd,front,99.2,178.5,67.9,49.7,3139,ohcv,6,181,mpfi,3.43,3.27,9.0,160,5200,19,25,18399.0,nissan,clipper,Asia,10592963.570000002,0.5251526332464472,1423.825288,64.92681737258515,22.0,114.99375,602371.4550000001,False
108,0,peugeot 504,gas,std,four,sedan,rwd,front,107.9,186.7,68.4,56.7,3020,l,4,120,mpfi,3.46,3.19,8.4,97,5000,19,24,11900.0,peugeot,504,Europe,11712405.600000001,0.6261709340251888,1369.84784,42.14927640291438,21.5,122.68041237113403,724074.876,False
109,0,peugeot 304,diesel,turbo,four,sedan,rwd,front,107.9,186.7,68.4,56.7,3197,l,4,152,idi,3.7,3.52,21.0,95,4150,28,33,13200.0,peugeot,304,Europe,12398861.160000002,0.6881165929989896,1450.133624,12.94626178794784,30.5,138.94736842105263,724074.876,False
110,0,peugeot 504 (sw),gas,std,four,wagon,rwd,front,114.2,198.9,68.4,58.7,3230,l,4,120,mpfi,3.46,3.19,8.4,97,5000,19,24,12440.0,peugeot,504 (sw),Europe,12968708.4,0.7395395325935086,1465.10216,39.40892097114596,21.5,128.24742268041237,798599.4120000001,False
111,0,peugeot 504,diesel,turbo,four,wagon,rwd,front,114.2,198.9,68.4,58.7,3430,l,4,152,idi,3.7,3.52,21.0,95,4150,25,25,13860.0,peugeot,504,Europe,13771724.400000002,0.8120035902617221,1555.82056,12.06682184725051,25.0,145.89473684210526,798599.4120000001,False
112,0,peugeot 504,gas,std,four,sedan,rwd,front,107.9,186.7,68.4,56.7,3075,l,4,120,mpfi,3.46,2.19,8.4,95,5000,19,24,15580.0,peugeot,504,Europe,11925711.000000002,0.6454195851187426,1394.7954,40.5418737741887,21.5,164.0,724074.876,False
113,0,peugeot 604sl,diesel,turbo,four,sedan,rwd,front,107.9,186.7,68.4,56.7,3252,l,4,152,idi,3.7,3.52,21.0,95,4150,28,33,16900.0,peugeot,604sl,Europe,12612166.560000002,0.7073652440925436,1475.081184,12.727305945900754,30.5,177.89473684210526,724074.876,False
114,0,peugeot 504,gas,std,four,wagon,rwd,front,114.2,198.9,68.4,56.7,3285,l,4,120,mpfi,3.46,2.19,8.4,95,5000,19,24,16695.0,peugeot,504,Europe,12740149.800000003,0.7189144347486761,1490.04972,37.95015581602139,21.5,175.73684210526315,771389.8920000001,False
115,0,peugeot 505s turbo diesel,diesel,turbo,four,wagon,rwd,front,114.2,198.9,68.4,58.7,3485,l,4,152,idi,3.7,3.52,21.0,95,4150,25,25,17075.0,peugeot,505s turbo diesel,Europe,13992553.8,0.8319312061204807,1580.76812,11.876384199732927,25.0,179.73684210526315,798599.4120000001,False
116,0,peugeot 504,gas,std,four,sedan,rwd,front,107.9,186.7,68.4,56.7,3075,l,4,120,mpfi,3.46,3.19,8.4,97,5000,19,24,16630.0,peugeot,504,Europe,11925711.000000002,0.6454195851187426,1394.7954,41.39538690627689,21.5,171.44329896907217,724074.876,False
117,0,peugeot 504,diesel,turbo,four,sedan,rwd,front,107.9,186.7,68.4,56.7,3252,l,4,152,idi,3.7,3.52,21.0,95,4150,28,33,17950.0,peugeot,504,Europe,12612166.560000002,0.7073652440925436,1475.081184,12.727305945900754,30.5,188.94736842105263,724074.876,False
118,0,peugeot 604sl,gas,turbo,four,sedan,rwd,front,108.0,186.7,68.3,56.0,3130,l,4,134,mpfi,3.61,3.21,7.0,142,5600,18,24,18150.0,peugeot,604sl,Europe,11971624.0,0.6495627681682966,1419.74296,80.01448374852303,21.0,127.8169014084507,714090.1599999999,False
119,1,plymouth fury iii,gas,std,two,hatchback,fwd,front,93.7,157.3,63.8,50.8,1918,ohc,4,90,2bbl,2.97,3.23,9.4,68,5500,37,41,5572.0,plymouth,fury iii,North America,6216314.719999999,0.1302044196866673,869.989456,45.733007185495346,39.0,81.94117647058823,509815.59199999995,False
120,1,plymouth cricket,gas,turbo,two,hatchback,fwd,front,93.7,157.3,63.8,50.8,2128,ohc,4,98,spdi,3.03,3.39,7.6,102,5500,24,30,7957.0,plymouth,cricket,North America,6896933.119999999,0.19162333411383586,965.243776,76.4737274759534,27.0,78.00980392156863,509815.59199999995,False
121,1,plymouth fury iii,gas,std,four,hatchback,fwd,front,93.7,157.3,63.8,50.6,1967,ohc,4,90,2bbl,2.97,3.23,9.4,68,5500,31,38,6229.0,plymouth,fury iii,North America,6350026.76,0.14227057649735916,892.215464,44.593750778739235,34.5,91.6029411764706,507808.444,False
122,1,plymouth satellite custom (sw),gas,std,four,sedan,fwd,front,93.7,167.3,63.8,50.8,1989,ohc,4,90,2bbl,2.97,3.23,9.4,68,5500,31,38,6692.0,plymouth,satellite custom (sw),North America,6446428.559999999,0.1509698621834719,902.194488,44.100506677616934,34.5,98.41176470588235,542225.992,False
123,1,plymouth fury gran sedan,gas,std,four,sedan,fwd,front,93.7,167.3,63.8,50.8,2191,ohc,4,98,2bbl,2.97,3.23,9.4,68,5500,31,38,7609.0,plymouth,fury gran sedan,North America,7101118.639999999,0.21004900844198637,993.820072,40.03464526781382,34.5,111.8970588235294,542225.992,False
124,-1,plymouth valiant,gas,std,four,wagon,fwd,front,103.3,174.6,64.6,59.8,2535,ohc,4,122,2bbl,3.35,3.46,8.5,88,5000,24,30,8921.0,plymouth,valiant,North America,9792907.799999999,0.4529557063420429,1149.85572,45.01843577588407,27.0,101.375,674493.7679999998,False
125,3,plymouth duster,gas,turbo,two,hatchback,rwd,front,95.9,173.2,66.3,50.2,2818,ohc,4,156,spdi,3.59,3.86,7.0,145,5000,19,24,12764.0,plymouth,duster,North America,9379036.68,0.41560803119374196,1278.222256,81.0277149261502,21.5,88.02758620689656,576454.632,False
126,3,porsche macan,gas,std,two,hatchback,rwd,front,94.5,168.9,68.3,50.2,2778,ohc,4,151,mpfi,3.94,3.11,9.5,143,5500,19,27,22018.0,porsche,macan,Europe,9524817.48,0.4287632713111473,1260.0785759999999,65.70183420387788,23.0,153.97202797202797,579100.6740000001,True
127,3,porcshce panamera,gas,std,two,hardtop,rwd,rear,89.5,168.9,65.0,51.6,2756,ohcf,6,194,mpfi,3.74,2.9,9.5,207,5900,17,25,32528.0,porsche,panamera,Europe,9243624.0,0.40338840885430255,1250.099552,102.83812559661018,21.0,157.1400966183575,566490.6,True
128,3,porsche cayenne,gas,std,two,hardtop,rwd,rear,89.5,168.9,65.0,51.6,2756,ohcf,6,194,mpfi,3.74,2.9,9.5,207,5900,17,25,34028.0,porsche,cayenne,Europe,9243624.0,0.40338840885430255,1250.099552,102.83812559661018,21.0,164.38647342995168,566490.6,True
129,3,porsche boxter,gas,std,two,convertible,rwd,rear,89.5,168.9,65.0,51.6,2800,ohcf,6,194,mpfi,3.74,2.9,9.5,207,5900,17,25,37028.0,porsche,boxter,Europe,9391200.0,0.4167056475823531,1270.0576,101.22209790866343,21.0,178.87922705314008,566490.6,True
130,1,porsche cayenne,gas,std,two,hatchback,rwd,front,98.4,175.7,72.3,50.5,3366,dohcv,8,203,mpfi,3.94,3.11,10.0,288,5750,17,28,31400.5,porsche,cayenne,Europe,12289770.899999999,0.6782723023600975,1526.790672,108.46280569888103,22.5,109.02951388888889,641507.0549999999,True
131,0,renault 12tl,gas,std,four,wagon,fwd,front,96.1,181.5,66.5,55.2,2579,ohc,4,132,mpfi,3.46,3.9,8.7,90,5100,23,31,9295.0,renault,12tl,Europe,9466993.200000001,0.4235452159292584,1169.813768,45.10001688546991,27.0,103.27777777777777,666250.2000000001,False
132,2,renault 5 gtl,gas,std,two,hatchback,fwd,front,96.1,176.8,66.6,50.5,2460,ohc,4,132,mpfi,3.46,3.9,8.7,90,5100,23,31,9895.0,renault,5 gtl,Europe,8273717.999999999,0.3158642196516636,1115.83632,47.281684368954025,27.0,109.94444444444444,594631.44,False
133,3,saab 99e,gas,std,two,hatchback,fwd,front,99.1,186.6,66.5,56.1,2658,ohc,4,121,mpfi,3.54,3.07,9.31,110,5250,21,28,11850.0,saab,99e,Europe,9916067.700000001,0.4640696394342996,1205.647536,51.44959313214233,24.5,107.72727272727273,696139.29,False
134,2,saab 99le,gas,std,four,sedan,fwd,front,99.1,186.6,66.5,56.1,2695,ohc,4,121,mpfi,3.54,3.07,9.3,110,5250,21,28,12170.0,saab,99le,Europe,10054101.75,0.47652581385595116,1222.43044,50.79779770008703,24.5,110.63636363636364,696139.29,False
135,3,saab 99le,gas,std,two,hatchback,fwd,front,99.1,186.6,66.5,56.1,2707,ohc,4,121,mpfi,2.54,2.07,9.3,110,5250,21,28,15040.0,saab,99le,Europe,10098869.55,0.48056565420891934,1227.873544,50.57261352114317,24.5,136.72727272727272,696139.29,False
136,2,saab 99gle,gas,std,four,sedan,fwd,front,99.1,186.6,66.5,56.1,2758,ohc,4,121,mpfi,3.54,3.07,9.3,110,5250,21,28,15510.0,saab,99gle,Europe,10289132.700000001,0.49773497570903386,1251.006736,49.63744191505966,24.5,141.0,696139.29,False
137,3,saab 99gle,gas,turbo,two,hatchback,fwd,front,99.1,186.6,66.5,56.1,2808,dohc,4,121,mpfi,3.54,3.07,9.0,160,5500,19,26,18150.0,saab,99gle,Europe,10475665.200000001,0.514567643846401,1273.686336,76.76754866103688,22.5,113.4375,696139.29,False
138,2,saab 99e,gas,turbo,four,sedan,fwd,front,99.1,186.6,66.5,56.1,2847,dohc,4,121,mpfi,3.54,3.07,9.0,160,5500,19,26,18620.0,saab,99e,Europe,10621160.55,0.5276971249935474,1291.376424,75.71593840540625,22.5,116.375,696139.29,False
139,2,subaru,gas,std,two,hatchback,fwd,front,93.7,156.9,63.4,53.7,2050,ohcf,4,97,2bbl,3.62,2.36,9.0,69,4900,31,36,5118.0,subaru,,Asia,6979389.0,0.1990641418230264,929.8636,40.40019059426207,33.5,74.17391304347827,534178.6020000001,False
140,2,subaru dl,gas,std,two,hatchback,fwd,front,93.7,157.9,63.6,53.7,2120,ohcf,4,108,2bbl,3.62,2.64,8.7,73,4400,26,31,7053.0,subaru,dl,Asia,7240478.4,0.22262481475875778,961.61504,38.39326413809528,28.5,96.61643835616438,539279.028,False
141,2,subaru dl,gas,std,two,hatchback,4wd,front,93.3,157.3,63.8,55.7,2240,ohcf,4,108,2bbl,3.62,2.64,8.7,73,4400,26,31,7603.0,subaru,dl,Asia,7960198.399999999,0.2875722524000582,1016.04608,36.33648213069733,28.5,104.15068493150685,558990.718,False
142,0,subaru,gas,std,four,sedan,fwd,front,97.2,172.0,65.4,52.5,2145,ohcf,4,108,2bbl,3.62,2.64,9.5,82,4800,32,37,7126.0,subaru,,Asia,7364857.500000001,0.23384876829781617,972.95484,42.583249750182055,34.5,86.90243902439025,590562.0,False
143,0,subaru brz,gas,std,four,sedan,fwd,front,97.2,172.0,65.4,52.5,2190,ohcf,4,108,2bbl,3.62,2.64,9.5,82,4400,28,33,7775.0,subaru,brz,Asia,7519365.000000001,0.24779150466940963,993.36648,38.232563845340394,30.5,94.8170731707317,590562.0,False
144,0,subaru baja,gas,std,four,sedan,fwd,front,97.2,172.0,65.4,52.5,2340,ohcf,4,108,mpfi,3.62,2.64,9.0,94,5200,26,32,9960.0,subaru,baja,Asia,8034390.000000001,0.2942672925747211,1061.40528,51.16906061661114,29.0,105.95744680851064,590562.0,False
145,0,subaru r1,gas,std,four,sedan,4wd,front,97.0,172.0,65.4,54.3,2385,ohcf,4,108,2bbl,3.62,2.64,9.0,82,4800,24,25,9233.0,subaru,r1,Asia,8469659.700000001,0.33354597275298153,1081.81692,40.4258174602532,24.5,112.59756097560975,610809.8400000001,False
146,0,subaru r2,gas,turbo,four,sedan,4wd,front,97.0,172.0,65.4,54.3,2510,ohcf,4,108,mpfi,3.62,2.64,7.7,111,4800,24,29,11259.0,subaru,r2,Asia,8913562.200000001,0.37360367566184527,1138.51592,60.77631764236128,26.5,101.43243243243244,610809.8400000001,False
147,0,subaru trezia,gas,std,four,wagon,fwd,front,97.0,173.5,65.4,53.0,2290,ohcf,4,108,2bbl,3.62,2.64,9.0,82,4800,28,32,7463.0,subaru,trezia,Asia,7937598.000000001,0.2855327952921991,1038.72568,42.10287102301479,30.0,91.01219512195122,601385.7000000001,False
148,0,subaru tribeca,gas,std,four,wagon,fwd,front,97.0,173.5,65.4,53.0,2455,ohcf,4,108,mpfi,3.62,2.64,9.0,94,5200,25,31,10198.0,subaru,tribeca,Asia,8509521.0,0.33714305119466875,1113.56836,48.77213924353159,28.0,108.48936170212765,601385.7000000001,False
149,0,subaru dl,gas,std,four,wagon,4wd,front,96.9,173.6,65.4,54.9,2420,ohcf,4,108,2bbl,3.62,2.64,9.0,82,4800,23,29,8013.0,subaru,dl,Asia,8688913.2,0.3533313796040997,1097.69264,39.84114654657185,26.0,97.71951219512195,623303.856,False
150,0,subaru dl,gas,turbo,four,wagon,4wd,front,96.9,173.6,65.4,54.9,2650,ohcf,4,108,mpfi,3.62,2.64,7.7,111,4800,23,23,11694.0,subaru,dl,Asia,9514719.0,0.4278519858111307,1202.0188,57.56549331408559,23.0,105.35135135135135,623303.856,False
151,1,toyota corona mark ii,gas,std,two,hatchback,fwd,front,95.7,158.7,63.6,54.5,1985,ohc,4,92,2bbl,3.05,3.03,9.0,62,4800,35,39,5348.0,toyota,corona mark ii,Asia,6880407.000000001,0.1901320192300581,900.38012,36.725229635974934,37.0,86.25806451612904,550085.94,False
152,1,toyota corona,gas,std,two,hatchback,fwd,front,95.7,158.7,63.6,54.5,2040,ohc,4,92,2bbl,3.05,3.03,9.0,62,4800,31,38,6338.0,toyota,corona,Asia,7071048.000000001,0.20733543786421466,925.32768,35.735088640887376,34.5,102.2258064516129,550085.94,False
153,1,toyota corolla 1200,gas,std,four,hatchback,fwd,front,95.7,158.7,63.6,54.5,2015,ohc,4,92,2bbl,3.05,3.03,9.0,62,4800,31,38,6488.0,toyota,corolla 1200,Asia,6984393.000000001,0.19951570212141623,913.98788,36.178452023528656,34.5,104.64516129032258,550085.94,False
154,0,toyota corona hardtop,gas,std,four,wagon,fwd,front,95.7,169.7,63.6,59.1,2280,ohc,4,92,2bbl,3.05,3.03,9.0,62,4800,31,37,6918.0,toyota,corona hardtop,Asia,8569972.8,0.3425982136339568,1034.18976,31.973500362899234,34.0,111.58064516129032,637861.572,False
155,0,toyota corolla 1600 (sw),gas,std,four,wagon,4wd,front,95.7,169.7,63.6,59.1,2290,ohc,4,92,2bbl,3.05,3.03,9.0,62,4800,27,32,7898.0,toyota,corolla 1600 (sw),Asia,8607560.4,0.3459901136882642,1038.72568,31.83387809057216,29.5,127.38709677419355,637861.572,False
156,0,toyota carina,gas,std,four,wagon,4wd,front,95.7,169.7,63.6,59.1,3110,ohc,4,92,2bbl,3.05,3.03,9.0,62,4800,27,32,8778.0,toyota,carina,Asia,11689743.600000001,0.624125918141474,1410.67112,23.440379687270177,29.5,141.58064516129033,637861.572,False
157,0,toyota mark ii,gas,std,four,sedan,fwd,front,95.7,166.3,64.4,53.0,2081,ohc,4,98,2bbl,3.19,3.03,9.0,70,4800,30,37,6938.0,toyota,mark ii,Asia,7102869.2,0.21020697874493396,943.924952,39.55116691663993,33.5,99.11428571428571,567615.16,False
158,0,toyota corolla 1200,gas,std,four,hatchback,fwd,front,95.7,166.3,64.4,52.8,2109,ohc,4,98,2bbl,3.19,3.03,9.0,70,4800,30,37,7198.0,toyota,corolla 1200,Asia,7171274.88,0.21637989826378956,956.625528,39.02606844643323,33.5,102.82857142857142,565473.216,False
159,0,toyota corona,diesel,std,four,sedan,fwd,front,95.7,166.3,64.4,53.0,2275,ohc,4,110,idi,3.27,3.35,22.5,56,4500,34,36,7898.0,toyota,corona,Asia,7765030.000000001,0.26996028178849774,1031.9218,10.853535607058596,35.0,141.03571428571428,567615.16,False
160,0,toyota corolla,diesel,std,four,hatchback,fwd,front,95.7,166.3,64.4,52.8,2275,ohc,4,110,idi,3.27,3.35,22.5,56,4500,38,47,7788.0,toyota,corolla,Asia,7735728.0,0.267316073182699,1031.9218,10.853535607058596,42.5,139.07142857142858,565473.216,False
161,0,toyota corona,gas,std,four,sedan,fwd,front,95.7,166.3,64.4,53.0,2094,ohc,4,98,2bbl,3.19,3.03,9.0,70,4800,38,47,7738.0,toyota,corona,Asia,7147240.800000001,0.21421106606228624,949.821648,39.3056248106627,42.5,110.54285714285714,567615.16,False
162,0,toyota corolla,gas,std,four,hatchback,fwd,front,95.7,166.3,64.4,52.8,2122,ohc,4,98,2bbl,3.19,3.03,9.0,70,4800,28,34,8358.0,toyota,corolla,Asia,7215479.04,0.22036887581768008,962.5222239999999,38.786983201473944,31.0,119.4,565473.216,False
163,0,toyota mark ii,gas,std,four,sedan,fwd,front,95.7,166.3,64.4,52.8,2140,ohc,4,98,2bbl,3.19,3.03,9.0,70,4800,28,34,9258.0,toyota,mark ii,Asia,7276684.800000001,0.22589207550768237,970.68688,38.46073754837743,31.0,132.25714285714287,565473.216,False
164,1,toyota corolla liftback,gas,std,two,sedan,rwd,front,94.5,168.7,64.0,52.6,2169,ohc,4,98,2bbl,3.19,3.03,9.0,70,4800,29,34,8058.0,toyota,corolla liftback,Asia,7301721.600000001,0.22815139302940984,983.841048,37.946509153309215,31.5,115.11428571428571,567911.6799999999,False
165,1,toyota corona,gas,std,two,hatchback,rwd,front,94.5,168.7,64.0,52.6,2204,ohc,4,98,2bbl,3.19,3.03,9.0,70,4800,29,34,8238.0,toyota,corona,Asia,7419545.600000001,0.23878381521115913,999.716768,37.34391032374214,31.5,117.68571428571428,567911.6799999999,False
166,1,toyota celica gt liftback,gas,std,two,sedan,rwd,front,94.5,168.7,64.0,52.6,2265,dohc,4,98,mpfi,3.24,3.08,9.4,112,6600,26,29,9298.0,toyota,celica gt liftback,Asia,7624896.0,0.25731460815649354,1027.38588,76.54212443754865,27.5,83.01785714285714,567911.6799999999,False
167,1,toyota corolla tercel,gas,std,two,hatchback,rwd,front,94.5,168.7,64.0,52.6,2300,dohc,4,98,mpfi,3.24,3.08,9.4,112,6600,26,29,9538.0,toyota,corolla tercel,Asia,7742720.0,0.2679470303382428,1043.2616,75.37735297871639,27.5,85.16071428571429,567911.6799999999,False
168,2,toyota corona liftback,gas,std,two,hardtop,rwd,front,98.4,176.2,65.6,52.0,2540,ohc,4,146,mpfi,3.62,3.5,9.3,116,4800,24,30,8449.0,toyota,corona liftback,Asia,8664448.0,0.3511236431907975,1152.12368,51.965747064529985,27.0,72.83620689655173,601053.4399999998,False
169,2,toyota corolla,gas,std,two,hardtop,rwd,front,98.4,176.2,65.6,52.0,2536,ohc,4,146,mpfi,3.62,3.5,9.3,116,4800,24,30,9639.0,toyota,corolla,Asia,8650803.2,0.3498923382428621,1150.309312,52.04771196526268,27.0,83.09482758620689,601053.4399999998,False
170,2,toyota starlet,gas,std,two,hatchback,rwd,front,98.4,176.2,65.6,52.0,2551,ohc,4,146,mpfi,3.62,3.5,9.3,116,4800,24,30,9989.0,toyota,starlet,Asia,8701971.2,0.3545097317976196,1157.113192,51.74166897056297,27.0,86.11206896551724,601053.4399999998,False
171,2,toyota tercel,gas,std,two,hardtop,rwd,front,98.4,176.2,65.6,52.0,2679,ohc,4,146,mpfi,3.62,3.5,9.3,116,4800,24,30,11199.0,toyota,tercel,Asia,9138604.799999999,0.39391149013155013,1215.172968,49.26950262930427,27.0,96.54310344827586,601053.4399999998,False
172,2,toyota corolla,gas,std,two,hatchback,rwd,front,98.4,176.2,65.6,52.0,2714,ohc,4,146,mpfi,3.62,3.5,9.3,116,4800,24,30,11549.0,toyota,corolla,Asia,9257996.799999999,0.4046854084259843,1231.048688,48.63411847601553,27.0,99.5603448275862,601053.4399999998,False
173,2,toyota cressida,gas,std,two,convertible,rwd,front,98.4,176.2,65.6,53.0,2975,ohc,4,146,mpfi,3.62,3.5,9.3,116,4800,24,30,17669.0,toyota,cressida,Asia,10343480.0,0.5026392688754361,1349.4362,44.36739413240542,27.0,152.31896551724137,612612.1599999999,False
174,-1,toyota corolla,gas,std,four,sedan,fwd,front,102.4,175.6,66.5,54.9,2326,ohc,4,122,mpfi,3.31,3.54,8.7,92,4200,29,34,8948.0,toyota,corolla,Asia,8491877.1,0.3355508679914795,1055.054992,42.09618781979876,31.5,97.26086956521739,641089.26,False
175,-1,toyota celica gt,diesel,turbo,four,sedan,fwd,front,102.4,175.6,66.5,54.9,2480,ohc,4,110,idi,3.27,3.35,22.5,73,4500,30,33,10698.0,toyota,celica gt,Asia,9054108.0,0.38628651007140263,1124.90816,12.978837312372239,31.5,146.54794520547946,641089.26,False
176,-1,toyota corona,gas,std,four,hatchback,fwd,front,102.4,175.6,66.5,53.9,2414,ohc,4,122,mpfi,3.31,3.54,8.7,92,4200,27,32,9988.0,toyota,corona,Asia,8652620.9,0.35005636725053263,1094.971088,40.561612621728216,29.5,108.56521739130434,629411.86,False
177,-1,toyota corolla,gas,std,four,sedan,fwd,front,102.4,175.6,66.5,54.9,2414,ohc,4,122,mpfi,3.31,3.54,8.7,92,4200,27,32,10898.0,toyota,corolla,Asia,8813151.9,0.36454266346572134,1094.971088,40.561612621728216,29.5,118.45652173913044,641089.26,False
178,-1,toyota mark ii,gas,std,four,hatchback,fwd,front,102.4,175.6,66.5,53.9,2458,ohc,4,122,mpfi,3.31,3.54,8.7,92,4200,27,32,11248.0,toyota,mark ii,Asia,8810332.299999999,0.3642882231345182,1114.929136,39.83553005242145,29.5,122.26086956521739,629411.86,False
179,3,toyota corolla liftback,gas,std,two,hatchback,rwd,front,102.9,183.5,67.7,52.0,2976,dohc,6,171,mpfi,3.27,3.35,9.3,161,5200,20,24,16558.0,toyota,corolla liftback,Asia,10476710.4,0.5146619625562084,1349.889792,66.68804069032036,22.0,102.84472049689441,645993.4,False
180,3,toyota corona,gas,std,two,hatchback,rwd,front,102.9,183.5,67.7,52.0,3016,dohc,6,171,mpfi,3.27,3.35,9.3,161,5200,19,24,15998.0,toyota,corona,Asia,10617526.4,0.5273691797780411,1368.033472,65.80358391723918,21.5,99.36645962732919,645993.4,False
181,-1,toyota starlet,gas,std,four,sedan,rwd,front,104.5,187.8,66.5,54.1,3131,dohc,6,171,mpfi,3.27,3.35,9.2,156,5200,20,24,15690.0,toyota,starlet,Asia,11264242.15,0.5857287235516918,1420.1965519999999,62.08571124842322,22.0,100.57692307692308,675638.67,False
182,-1,toyouta tercel,gas,std,four,wagon,rwd,front,104.5,187.8,66.5,54.1,3151,dohc,6,161,mpfi,3.27,3.35,9.2,156,5200,19,24,15750.0,toyota,tercel,Asia,11336195.15,0.592221752758334,1429.268392,61.69164135792228,21.5,100.96153846153847,675638.67,False
183,2,vokswagen rabbit,diesel,std,two,sedan,fwd,front,97.3,171.7,65.5,55.7,2261,ohc,4,97,idi,3.01,3.4,23.0,52,4800,37,46,7775.0,volkswagen,rabbit,Europe,8248919.350000001,0.313626392754449,1025.571512,10.581586740724013,41.5,149.51923076923077,626421.695,False
184,2,volkswagen 1131 deluxe sedan,gas,std,two,sedan,fwd,front,97.3,171.7,65.5,55.7,2209,ohc,4,109,mpfi,3.19,3.4,9.0,85,5250,27,34,7975.0,volkswagen,1131 deluxe sedan,Europe,8059205.15,0.2965066084297543,1001.984728,49.48511883240333,30.5,93.82352941176471,626421.695,False
185,2,volkswagen model 111,diesel,std,four,sedan,fwd,front,97.3,171.7,65.5,55.7,2264,ohc,4,97,idi,3.01,3.4,23.0,52,4800,37,46,7995.0,volkswagen,model 111,Europe,8259864.4,0.31461407261933516,1026.932288,10.567565203523408,41.5,153.75,626421.695,False
186,2,volkswagen type 3,gas,std,four,sedan,fwd,front,97.3,171.7,65.5,55.7,2212,ohc,4,109,mpfi,3.19,3.4,9.0,85,5250,27,34,8195.0,volkswagen,type 3,Europe,8070150.200000001,0.2974942882946406,1003.345504,49.418005199267164,30.5,96.41176470588235,626421.695,False
187,2,volkswagen 411 (sw),gas,std,four,sedan,fwd,front,97.3,171.7,65.5,55.7,2275,ohc,4,109,mpfi,3.19,3.4,9.0,85,5250,27,34,8495.0,volkswagen,411 (sw),Europe,8299996.250000001,0.3182355654572514,1031.9218,48.049506593748994,30.5,99.94117647058823,626421.695,False
188,2,volkswagen super beetle,diesel,turbo,four,sedan,fwd,front,97.3,171.7,65.5,55.7,2319,ohc,4,97,idi,3.01,3.4,23.0,68,4500,37,42,9495.0,volkswagen,super beetle,Europe,8460523.65,0.33272153680891603,1051.879848,12.648163049594764,39.5,139.63235294117646,626421.695,False
189,2,volkswagen dasher,gas,std,four,sedan,fwd,front,97.3,171.7,65.5,55.7,2300,ohc,4,109,mpfi,3.19,3.4,10.0,100,5500,26,32,9995.0,volkswagen,dasher,Europe,8391205.0,0.3264662309979699,1043.2616,52.71927961309033,29.0,99.95,626421.695,False
190,3,vw dasher,gas,std,two,convertible,fwd,front,94.5,159.3,64.2,55.6,2254,ohc,4,109,mpfi,3.19,3.4,8.5,90,5500,24,29,11595.0,volkswagen,dasher,Europe,8045698.080000001,0.2952877322188089,1022.3963679999999,56.959605824467346,26.5,128.83333333333334,568624.5360000001,False
191,3,vw rabbit,gas,std,two,hatchback,fwd,front,94.5,165.7,64.0,51.4,2221,ohc,4,109,mpfi,3.19,3.4,8.5,90,5500,24,29,9980.0,volkswagen,rabbit,Europe,7306201.6,0.22855566763708082,1007.427832,57.805921444551736,26.5,110.88888888888889,545086.72,False
192,0,volkswagen rabbit,gas,std,four,sedan,fwd,front,100.4,180.2,66.9,55.1,2661,ohc,5,136,mpfi,3.19,3.4,8.5,110,5500,19,24,13295.0,volkswagen,rabbit,Europe,9808951.590000002,0.45440349583039297,1207.008312,58.969329275203286,21.5,120.86363636363636,664251.4380000001,False
193,0,volkswagen rabbit custom,diesel,turbo,four,sedan,fwd,front,100.4,180.2,66.9,55.1,2579,ohc,4,97,idi,3.01,3.4,23.0,68,4500,33,38,13845.0,volkswagen,rabbit custom,Europe,9506684.010000002,0.4271269093758873,1169.813768,11.37304773633589,35.5,203.60294117647058,664251.4380000001,False
194,0,volkswagen dasher,gas,std,four,wagon,fwd,front,100.4,183.1,66.9,55.1,2563,ohc,4,109,mpfi,3.19,3.4,9.0,88,5500,25,31,12290.0,volkswagen,dasher,Europe,9447704.97,0.42180464860427636,1162.556296,46.25821387128575,28.0,139.6590909090909,674941.3890000001,False
195,-2,volvo 145e (sw),gas,std,four,sedan,rwd,front,104.3,188.8,67.2,56.2,2912,ohc,4,141,mpfi,3.78,3.15,9.5,114,5400,23,28,12940.0,volvo,145e (sw),Europe,10997575.680000002,0.56166477655654,1320.859904,49.058950009584066,25.5,113.50877192982456,713029.6320000001,False
196,-1,volvo 144ea,gas,std,four,wagon,rwd,front,104.3,188.8,67.2,57.5,3034,ohc,4,141,mpfi,3.78,3.15,9.5,114,5400,23,28,13415.0,volvo,144ea,Europe,11723376.0,0.6271609014707231,1376.198128,47.086243384281076,25.5,117.67543859649123,729523.2000000001,False
197,-2,volvo 244dl,gas,std,four,sedan,rwd,front,104.3,188.8,67.2,56.2,2935,ohc,4,141,mpfi,3.78,3.15,9.5,114,5400,24,28,15985.0,volvo,244dl,Europe,11084438.4,0.5695032569246744,1331.29252,48.67450167901492,26.0,140.21929824561403,713029.6320000001,False
198,-1,volvo 245,gas,std,four,wagon,rwd,front,104.3,188.8,67.2,57.5,3042,ohc,4,141,mpfi,3.78,3.15,9.5,114,5400,24,28,16515.0,volvo,245,Europe,11754288.0,0.6299503962636536,1379.826864,46.96241368438816,26.0,144.8684210526316,729523.2000000001,False
199,-2,volvo 264gl,gas,turbo,four,sedan,rwd,front,104.3,188.8,67.2,56.2,3045,ohc,4,130,mpfi,3.62,3.15,7.5,162,5100,17,22,18420.0,volvo,264gl,Europe,11499868.8,0.6069916412940133,1381.1876399999999,79.75744700408701,19.5,113.70370370370371,713029.6320000001,False
200,-1,volvo diesel,gas,turbo,four,wagon,rwd,front,104.3,188.8,67.2,57.5,3157,ohc,4,130,mpfi,3.62,3.15,7.5,162,5100,17,22,18950.0,volvo,diesel,Europe,12198648.0,0.6700493839120283,1431.989944,76.92791451613714,19.5,116.9753086419753,729523.2000000001,False
201,-1,volvo 145e (sw),gas,std,four,sedan,rwd,front,109.1,188.8,68.9,55.5,2952,ohc,4,141,mpfi,3.78,3.15,9.5,114,5400,23,28,16845.0,volvo,145e (sw),Europe,11288300.4,0.5878997368507995,1339.003584,48.39419458939999,25.5,147.76315789473685,721961.7600000001,False
202,-1,volvo 144ea,gas,turbo,four,sedan,rwd,front,109.1,188.8,68.8,55.5,3049,ohc,4,141,mpfi,3.78,3.15,8.7,160,5300,19,25,19045.0,volvo,144ea,Europe,11642301.6,0.6198447583340785,1383.002008,70.47803532026116,22.0,119.03125,720913.92,False
203,-1,volvo 244dl,gas,std,four,sedan,rwd,front,109.1,188.8,68.9,55.5,3012,ohcv,6,173,mpfi,3.58,2.87,8.8,134,5500,18,23,21485.0,volvo,244dl,Europe,11517737.4,0.6086041013954934,1366.219104,61.30056281221492,20.5,160.33582089552237,721961.7600000001,False
204,-1,volvo 246,diesel,turbo,four,sedan,rwd,front,109.1,188.8,68.9,55.5,3217,ohc,6,145,idi,3.01,3.4,23.0,106,4800,26,27,22470.0,volvo,246,Europe,12301647.15,0.6793440135898641,1459.205464,15.160126299002663,26.5,211.9811320754717,721961.7600000001,False
205,-1,volvo 264gl,gas,turbo,four,sedan,rwd,front,109.1,188.8,68.9,55.5,3062,ohc,4,141,mpfi,3.78,3.15,9.5,114,5400,19,25,22625.0,volvo,264gl,Europe,11708934.9,0.6258577385160716,1388.898704,46.65567028997674,22.0,198.46491228070175,721961.7600000001,False
